driver_id,name,city,join_date,rating,vehicle_type
1,Anthony Holland,Mumbai,2025-09-11,4.6,Sedan
2,Andrea Mccoy,Delhi,2024-08-08,3.5,Mini
3,Derek Moore,Hyderabad,2024-10-18,4.0,Mini
4,Ashley Scott,Bangalore,2023-03-17,5.0,Mini
5,Jeremiah Macdonald,Pune,2023-08-09,4.6,Sedan
6,Donald Singh,Delhi,2024-01-09,4.9,SUV
7,John Diaz,Delhi,2025-02-22,3.6,SUV
8,Michele Avery,Bangalore,2023-08-27,4.2,Sedan
9,Robert Brown,Delhi,2025-12-20,4.8,SUV
10,William Kelly,Mumbai,2023-04-21,4.4,Sedan
11,Rebecca Murphy,Delhi,2025-09-27,4.0,Sedan
12,Breanna Thomas,Pune,2024-05-05,4.9,Sedan
13,Ashley Price,Delhi,2023-06-09,4.1,SUV
14,Mark Montgomery,Hyderabad,2025-04-24,3.8,Mini
15,Scott Robles,Delhi,2025-10-13,4.6,Mini
16,Alexander Brown,Bangalore,2023-08-09,4.6,Sedan
17,Danielle Carpenter,Hyderabad,2025-03-26,3.7,Mini
18,Amanda Matthews,Delhi,2025-03-03,4.3,Mini
19,Jade Welch,Hyderabad,2023-09-13,4.1,SUV
20,Ryan Bowman,Delhi,2023-11-04,4.1,Mini
21,Kenneth Powell,Hyderabad,2024-11-10,3.6,Sedan
22,Joseph Foster,Bangalore,2025-04-06,3.8,SUV
23,Eric Martinez,Bangalore,2024-01-10,4.8,SUV
24,Tracy Stanley,Pune,2023-07-03,4.9,SUV
25,Henry Ruiz,Delhi,2024-03-02,4.8,Mini
26,Erika Davis,Mumbai,2025-06-10,4.0,Mini
27,Janice Chan,Pune,2023-12-17,4.6,Mini
28,James Martinez,Hyderabad,2024-11-27,4.7,Mini
29,Deborah Knapp,Mumbai,2024-09-20,4.5,Mini
30,Cynthia Smith,Mumbai,2025-01-31,4.8,Mini
31,Linda Hicks,Mumbai,2025-07-06,3.5,Mini
32,Brian Sims,Bangalore,2025-10-18,4.9,SUV
33,Ethan Meyer,Pune,2025-06-07,4.8,SUV
34,Stacey Evans,Bangalore,2025-12-11,4.3,Sedan
35,Anthony Jensen,Mumbai,2025-04-30,4.5,Mini
36,Megan Turner,Hyderabad,2024-03-19,3.6,SUV
37,Jason Hawkins,Pune,2024-09-17,4.7,SUV
38,Laura James,Mumbai,2024-08-03,4.5,Sedan
39,Brittany Carson,Hyderabad,2024-08-25,4.9,SUV
40,Patricia Douglas,Hyderabad,2024-12-30,4.6,SUV
41,Denise Conway,Bangalore,2023-12-27,4.6,Mini
42,Jessica Campos,Bangalore,2024-04-13,4.4,Mini
43,Jennifer Snow,Mumbai,2026-02-09,4.9,Mini
44,Caroline Smith,Bangalore,2025-07-02,4.2,Mini
45,April Bond,Hyderabad,2025-01-10,4.4,Mini
46,Christopher Turner,Pune,2024-05-01,3.5,Sedan
47,Robert Shaw,Bangalore,2025-04-08,3.6,Sedan
48,Rachel Johnson,Pune,2024-07-15,4.2,Mini
49,Kimberly Flores,Hyderabad,2023-08-01,4.6,Sedan
50,Sarah Perez,Mumbai,2025-04-15,3.6,Mini
51,Jeffrey Mccormick,Delhi,2025-08-11,4.2,Mini
52,Tiffany Hawkins,Mumbai,2025-11-13,4.6,Sedan
53,Kayla Mcconnell,Pune,2024-01-10,4.9,Mini
54,Wesley Valencia,Bangalore,2026-01-28,4.8,Sedan
55,Holly Kaufman,Pune,2024-08-12,4.0,Sedan
56,Jacob Reeves,Delhi,2024-06-18,4.6,Mini
57,Joshua Baker,Hyderabad,2024-10-26,4.0,Sedan
58,Debra Smith,Bangalore,2025-07-11,4.0,Mini
59,Shelia Harrison,Delhi,2025-03-21,4.0,Sedan
60,Edward Reyes,Delhi,2024-04-30,3.8,Sedan
61,Robert Flores,Mumbai,2025-04-26,4.6,Sedan
62,Mrs. Lisa Watson,Bangalore,2026-02-02,3.5,Sedan
63,Ashley Wright,Delhi,2024-12-01,4.8,SUV
64,Timothy Wilson,Bangalore,2024-07-29,4.6,SUV
65,Jessica Arnold,Hyderabad,2024-11-03,4.6,Mini
66,Ronnie Neal,Bangalore,2023-07-17,5.0,Sedan
67,Rachel Alvarez,Pune,2024-07-20,3.5,SUV
68,Lindsay Case,Bangalore,2025-10-23,4.0,SUV
69,Daniel Sims,Bangalore,2025-02-05,4.8,SUV
70,Robert Gonzalez,Delhi,2023-05-14,4.8,SUV
71,Eric Newman,Mumbai,2023-09-04,4.2,SUV
72,Kimberly Lawson,Hyderabad,2023-04-11,4.8,SUV
73,Brett Roberson,Delhi,2023-03-12,4.0,SUV
74,Donna Bean,Bangalore,2023-11-24,4.4,SUV
75,Wayne Hill,Mumbai,2023-07-29,4.5,SUV
76,Anne Smith,Delhi,2023-11-17,3.7,Sedan
77,Ronald Casey,Mumbai,2025-06-03,4.5,Sedan
78,Patricia Spence,Hyderabad,2026-01-07,3.9,Sedan
79,Karen Lee,Bangalore,2024-10-10,4.5,Sedan
80,Michael Clements,Bangalore,2025-12-19,4.7,Mini
81,Tamara Lane,Delhi,2023-06-26,4.7,Sedan
82,John Dawson,Pune,2023-11-14,3.6,Mini
83,Kaitlyn Russell,Delhi,2023-05-30,4.7,Mini
84,Belinda Ritter,Pune,2024-04-16,4.4,SUV
85,Lucas Maldonado,Mumbai,2024-03-10,4.3,Mini
86,Michael Cummings,Mumbai,2023-08-05,4.1,Mini
87,Ann Guerrero,Delhi,2024-09-17,4.9,Mini
88,Javier Potter,Delhi,2023-04-26,4.4,SUV
89,Jeffrey Williams,Mumbai,2024-08-20,4.4,Mini
90,Raymond Garcia,Hyderabad,2025-11-17,4.4,Sedan
91,Jessica Steele,Hyderabad,2023-12-07,3.5,Sedan
92,Anna Howe,Delhi,2026-02-18,3.8,Mini
93,Ronald Wilson,Hyderabad,2025-11-19,4.6,Mini
94,David Valdez,Hyderabad,2024-03-06,3.5,Sedan
95,Mrs. Cassandra Lopez,Delhi,2025-03-07,4.9,Mini
96,Jennifer Hardin,Delhi,2024-01-31,4.7,Mini
97,Donald Fisher,Mumbai,2024-03-13,3.8,Sedan
98,Donna Newman,Hyderabad,2025-07-19,4.5,SUV
99,Ryan Best,Hyderabad,2025-03-15,4.4,Mini
100,Christopher Edwards,Pune,2023-10-17,4.7,Mini
101,Andrew Griffin,Hyderabad,2024-09-03,4.2,Mini
102,Christina Caldwell,Hyderabad,2026-02-19,3.9,Mini
103,Julie Garrison,Hyderabad,2025-12-24,4.9,Sedan
104,Joseph Cook,Delhi,2025-10-12,4.3,Mini
105,Donna Gibson,Pune,2025-02-24,4.4,Mini
106,Mary Coffey,Hyderabad,2024-10-05,4.9,Sedan
107,Daniel Roberson,Hyderabad,2024-10-14,3.8,Sedan
108,Lisa Collins,Delhi,2025-07-26,4.2,Mini
109,Timothy Torres,Pune,2025-10-24,3.8,SUV
110,Matthew Barker,Mumbai,2023-04-07,3.6,SUV
111,Arthur Rice,Pune,2023-10-26,3.9,Sedan
112,Laura Hill,Delhi,2025-10-08,4.5,Mini
113,Darryl Wilson,Bangalore,2026-02-08,3.9,SUV
114,Thomas Nunez,Pune,2023-11-20,4.7,Sedan
115,Stephanie Farmer,Delhi,2026-02-13,3.6,SUV
116,Derek James,Mumbai,2025-03-24,5.0,SUV
117,Morgan Ware,Delhi,2025-02-14,4.4,SUV
118,Toni Martin,Pune,2023-08-24,4.7,Mini
119,Joseph George,Bangalore,2026-01-10,3.5,SUV
120,William Jones,Pune,2024-01-10,4.2,Sedan
121,Angela Skinner,Mumbai,2023-08-09,4.4,Mini
122,Adam Anderson,Mumbai,2023-03-24,3.8,Sedan
123,Dawn Pennington,Delhi,2024-12-31,3.9,SUV
124,Jacqueline Nunez,Mumbai,2023-05-18,4.3,Mini
125,Mark Wallace,Bangalore,2025-02-03,4.3,Mini
126,Victoria Reid,Pune,2024-12-27,4.3,SUV
127,Andrew Santos,Bangalore,2025-08-01,4.5,Sedan
128,Ashley Snyder,Pune,2025-05-18,3.8,Sedan
129,Brett Banks Jr.,Hyderabad,2023-07-02,4.3,Mini
130,Steven Morrow,Pune,2025-03-08,4.6,Mini
131,Rachel Melendez,Bangalore,2023-12-02,4.0,SUV
132,Joseph Carter,Mumbai,2026-01-07,4.7,SUV
133,Shane Oneill,Pune,2024-02-26,3.8,Mini
134,Richard Simpson,Hyderabad,2025-09-08,4.9,SUV
135,Zachary Rivera,Bangalore,2023-07-31,4.9,SUV
136,Darren Orr,Hyderabad,2024-02-07,3.7,Mini
137,Alyssa Kelley,Pune,2023-06-14,3.6,SUV
138,Briana Payne,Pune,2024-11-23,4.4,Mini
139,Kyle Neal,Hyderabad,2025-09-04,4.4,SUV
140,William Cook,Hyderabad,2025-10-11,5.0,Mini
141,Brad Harris,Hyderabad,2024-07-05,3.8,Sedan
142,Lindsey Watts,Pune,2023-04-10,3.7,SUV
143,Timothy Sanders,Delhi,2024-11-25,4.2,Mini
144,Erica Clark,Hyderabad,2024-08-24,4.4,Mini
145,Dakota Adams,Bangalore,2025-08-08,3.9,Mini
146,Natalie Myers,Delhi,2023-04-06,4.1,SUV
147,Sharon Roberson,Bangalore,2023-06-15,3.6,SUV
148,Kara Waters,Delhi,2026-01-14,3.6,Mini
149,Becky Rivera,Mumbai,2026-02-04,4.2,SUV
150,Anthony Williams,Pune,2025-03-14,3.7,SUV
151,Krystal Johnson,Mumbai,2024-11-09,4.0,Sedan
152,Kellie Gibbs MD,Bangalore,2025-09-04,4.3,SUV
153,Angelica Reyes,Delhi,2024-03-27,4.5,SUV
154,Lauren Estes,Delhi,2025-07-21,4.9,SUV
155,Susan Mason,Delhi,2024-01-15,4.9,Sedan
156,James Keller,Hyderabad,2025-02-25,3.8,Sedan
157,Bradley Barnes,Mumbai,2025-03-21,3.8,Sedan
158,Alicia Horton,Mumbai,2023-04-16,4.2,SUV
159,Linda Ewing,Mumbai,2024-10-25,4.6,SUV
160,Cameron Owens Jr.,Bangalore,2024-02-15,4.4,Sedan
161,Ms. Rebekah Gonzalez,Hyderabad,2024-10-21,4.1,Mini
162,Amanda Kirby,Delhi,2025-11-22,4.8,Sedan
163,Stephanie Gonzalez,Bangalore,2025-04-20,4.9,SUV
164,Bryce Allen,Bangalore,2025-07-28,4.8,Sedan
165,Zachary Jenkins,Mumbai,2024-02-16,4.7,SUV
166,Elizabeth Willis,Mumbai,2025-03-02,3.9,Sedan
167,Jessica Shepherd,Mumbai,2024-02-22,4.9,Mini
168,Matthew Anderson,Mumbai,2024-09-01,4.2,Sedan
169,Tanya Lee,Delhi,2024-08-27,4.8,Mini
170,Marie Marshall,Mumbai,2024-07-24,5.0,Sedan
171,Jennifer Hicks,Mumbai,2024-12-29,4.6,Sedan
172,Tracy Smith,Pune,2024-05-11,4.7,Sedan
173,Jennifer Nguyen,Bangalore,2023-03-19,4.1,Mini
174,Tammy Hammond,Delhi,2024-02-18,4.0,Mini
175,Alison Douglas,Bangalore,2023-08-09,4.0,Mini
176,Donald Roth,Hyderabad,2023-06-05,3.8,SUV
177,Robert Nunez,Mumbai,2025-02-12,4.1,SUV
178,Brent Hall,Pune,2024-05-13,4.4,SUV
179,Katelyn Golden,Mumbai,2023-11-02,4.0,Sedan
180,Andrew Hayes,Pune,2025-07-23,4.9,Sedan
181,Tony Smith,Mumbai,2025-01-04,4.4,Sedan
182,John Benitez,Mumbai,2024-10-29,3.7,Sedan
183,Alice Garcia,Hyderabad,2023-09-19,4.4,Mini
184,Mindy Becker,Hyderabad,2023-07-18,3.8,Sedan
185,Melissa Rice,Mumbai,2025-08-23,4.1,Mini
186,Terrence Stewart,Delhi,2024-01-01,3.6,SUV
187,Christine Baker,Delhi,2025-07-02,4.3,Mini
188,Jennifer Johnson,Mumbai,2025-09-20,4.1,Mini
189,Kim Thomas,Bangalore,2025-07-07,3.9,Mini
190,Elizabeth Vega,Pune,2024-01-05,4.8,SUV
191,Eric Mcbride,Delhi,2025-11-26,3.6,Mini
192,Cindy Morales,Pune,2024-08-01,4.5,SUV
193,Thomas Moore,Bangalore,2024-10-05,4.9,SUV
194,Christina Williams,Bangalore,2024-02-15,3.6,Mini
195,Kenneth Brown,Hyderabad,2023-11-03,4.3,Sedan
196,Randall Rose,Bangalore,2023-03-30,3.9,Sedan
197,Jerry Decker,Hyderabad,2025-02-20,3.9,SUV
198,Donna Mccall,Pune,2025-03-22,4.9,SUV
199,Jonathan Chapman,Mumbai,2023-04-16,3.6,SUV
200,Karen Williams,Mumbai,2023-03-12,4.9,Sedan
201,Dr. Melissa Skinner,Pune,2023-11-01,4.5,Sedan
202,Jerry Montoya,Hyderabad,2023-10-02,4.9,SUV
203,Paul Carter,Bangalore,2025-09-21,4.2,Mini
204,Tony Thompson,Hyderabad,2025-10-01,3.9,Sedan
205,Kari Wyatt,Hyderabad,2024-09-16,3.9,SUV
206,Lorraine Black,Delhi,2025-08-31,4.3,SUV
207,Samuel Smith,Delhi,2023-09-21,4.4,Sedan
208,Karen Malone,Mumbai,2024-03-28,4.8,SUV
209,Matthew Anderson,Bangalore,2024-06-16,4.8,Mini
210,Cheryl White,Delhi,2025-08-31,3.6,Sedan
211,Tyler Wilkinson,Hyderabad,2024-01-22,4.8,Mini
212,Shannon Hughes,Delhi,2025-06-28,4.5,Mini
213,Andrew Simmons,Mumbai,2024-02-22,3.7,Mini
214,Craig Rodgers,Bangalore,2023-08-18,4.1,Sedan
215,Tonya Reynolds,Bangalore,2023-09-19,4.5,Mini
216,Ruben Mendez,Pune,2026-01-24,3.8,Mini
217,Aaron Carlson,Mumbai,2023-11-22,3.8,Sedan
218,Christine Ellis,Delhi,2023-10-03,3.6,Mini
219,Julie Cruz,Delhi,2025-07-14,4.9,Mini
220,Melissa Freeman,Bangalore,2023-12-06,4.5,Mini
221,James Preston,Mumbai,2025-03-05,3.5,Sedan
222,Tyler Hayes,Hyderabad,2023-07-26,3.7,Mini
223,Michele Simmons,Pune,2024-03-23,4.6,SUV
224,Brandy Jones,Bangalore,2025-11-03,4.4,SUV
225,Nicholas Patrick,Bangalore,2023-11-20,4.4,SUV
226,Wendy Faulkner,Pune,2025-03-04,4.9,Sedan
227,Thomas Cruz,Delhi,2026-01-10,3.6,Sedan
228,Andrew Melendez,Bangalore,2025-11-11,5.0,SUV
229,Felicia Guzman,Hyderabad,2023-03-03,4.4,Sedan
230,Joel Schmidt,Delhi,2026-01-16,3.7,Mini
231,Brandon Owens,Mumbai,2025-07-06,4.0,SUV
232,Rachel Wong,Hyderabad,2024-10-26,3.6,Sedan
233,Timothy Henderson,Bangalore,2025-12-09,3.5,Mini
234,Heather Barron,Pune,2024-02-27,4.5,Sedan
235,Karen Robles,Mumbai,2023-04-01,4.8,Mini
236,Xavier Jones,Hyderabad,2025-07-31,4.3,Mini
237,Jordan Kelley,Pune,2024-09-29,3.9,Mini
238,Cole King,Hyderabad,2025-04-20,4.0,Mini
239,Anthony Blackwell,Hyderabad,2023-11-10,4.3,SUV
240,Kimberly Hansen MD,Pune,2024-11-28,3.6,SUV
241,Christina Johnson,Delhi,2025-03-28,4.5,SUV
242,Albert Martin,Hyderabad,2025-09-28,4.1,Sedan
243,Matthew Klein,Hyderabad,2023-06-29,4.4,Mini
244,Melissa Friedman,Delhi,2025-06-08,4.8,Mini
245,Melinda Cowan,Hyderabad,2025-03-17,4.4,SUV
246,Nicholas Cox,Hyderabad,2025-04-08,4.4,Mini
247,Jonathan Francis,Hyderabad,2025-08-17,3.7,SUV
248,Cynthia Rowe DDS,Mumbai,2023-11-27,4.7,SUV
249,Gregory Williams,Pune,2025-06-02,4.4,Sedan
250,Robert Cummings,Pune,2023-08-03,3.8,Sedan
251,Michael Lane,Hyderabad,2025-01-18,4.9,Mini
252,Robert Reid,Bangalore,2026-02-23,4.7,Mini
253,Mr. John Dominguez,Delhi,2026-02-03,4.9,Mini
254,Joseph Jones,Bangalore,2023-09-18,3.6,Mini
255,Patricia Gray,Pune,2023-06-06,4.1,Sedan
256,Tasha Washington,Delhi,2023-05-17,4.9,Sedan
257,Karen Smith,Bangalore,2024-11-08,4.2,SUV
258,Diane Martin,Hyderabad,2025-11-13,4.2,SUV
259,Alison Chapman,Hyderabad,2023-09-20,4.5,Sedan
260,Adam Hudson,Mumbai,2024-05-08,3.5,SUV
261,John Bishop,Delhi,2025-12-26,4.3,SUV
262,Joel Terrell,Bangalore,2024-03-05,4.1,Mini
263,Jose Cruz,Bangalore,2024-04-04,3.6,Mini
264,Brendan Jackson,Bangalore,2025-12-01,3.9,SUV
265,Daniel Stark,Delhi,2024-10-01,4.1,Mini
266,Steven Winters,Mumbai,2024-05-01,4.2,Sedan
267,Christopher Taylor,Bangalore,2023-03-04,4.7,Mini
268,Sarah Walker,Bangalore,2024-08-14,3.7,Sedan
269,Rose Welch,Mumbai,2024-11-25,3.5,SUV
270,David Johnson,Pune,2024-04-14,3.9,Sedan
271,Samantha Torres,Mumbai,2025-04-21,4.9,Sedan
272,Hannah Harper,Pune,2023-04-01,4.6,Mini
273,Colin Garcia,Pune,2023-10-21,5.0,SUV
274,Michael Burton,Pune,2024-12-14,4.8,SUV
275,Amy Morales,Bangalore,2024-03-19,3.9,SUV
276,Dillon Abbott,Hyderabad,2024-05-14,4.6,SUV
277,Margaret Johnson,Mumbai,2023-08-08,3.7,Sedan
278,Kathy Walker,Delhi,2024-11-22,4.2,Mini
279,Jeffrey Olson,Hyderabad,2025-04-17,4.2,SUV
280,Donald Nolan,Pune,2025-04-04,4.5,Mini
281,Sara Avery,Bangalore,2025-10-13,4.6,SUV
282,Patrick Johnson,Delhi,2026-01-16,3.5,Sedan
283,Matthew Johnson,Mumbai,2024-04-25,3.5,SUV
284,James Waller,Mumbai,2023-07-30,4.4,Sedan
285,Anita Mendez,Mumbai,2024-09-15,4.2,SUV
286,Jo Lozano PhD,Hyderabad,2025-10-23,4.9,Sedan
287,Andrew Garcia,Hyderabad,2023-03-20,3.6,SUV
288,Mary Bowen,Hyderabad,2025-10-25,4.1,SUV
289,Elizabeth Wolf,Hyderabad,2024-08-16,4.4,Mini
290,Tracy Brown,Delhi,2023-06-27,4.3,Mini
291,Alice White,Bangalore,2023-12-28,4.1,Mini
292,Renee Montgomery,Bangalore,2023-11-07,4.2,SUV
293,Kristina Floyd,Bangalore,2025-04-02,4.7,Mini
294,Dylan Moore,Delhi,2023-10-16,3.9,Sedan
295,Bryan Morgan,Hyderabad,2025-06-20,3.7,Sedan
296,Karl Mckinney,Hyderabad,2024-04-14,4.3,Mini
297,Benjamin Butler,Bangalore,2023-10-30,3.6,Sedan
298,Joshua Barber,Delhi,2023-12-24,3.7,SUV
299,Dominique Hampton,Mumbai,2024-01-27,3.7,Sedan
300,David Richards,Hyderabad,2023-05-20,4.7,Mini
301,David Jackson,Hyderabad,2024-12-30,4.3,SUV
302,Rodney Macdonald,Bangalore,2024-07-07,4.5,Sedan
303,Stacy Lawson,Bangalore,2025-08-26,4.2,SUV
304,Jerome Brown,Mumbai,2025-05-11,4.4,Mini
305,Mr. Michael Hunter,Bangalore,2025-06-09,4.7,SUV
306,Bruce Burgess,Delhi,2023-03-08,4.6,SUV
307,Frank Miller,Delhi,2025-05-22,3.7,SUV
308,Jordan Bell,Hyderabad,2024-07-06,4.9,Mini
309,Tony Burgess,Mumbai,2024-07-09,3.8,Sedan
310,Michele Hansen,Delhi,2026-01-17,3.7,Sedan
311,Anna Payne,Pune,2023-05-24,4.7,SUV
312,Melissa Kim,Delhi,2024-08-16,4.9,SUV
313,William Brandt,Delhi,2024-04-16,4.1,Sedan
314,Miguel Lopez,Bangalore,2024-03-22,4.8,Mini
315,Leslie Gallagher,Hyderabad,2023-07-30,4.9,Sedan
316,Aaron Anderson,Mumbai,2023-08-27,3.6,SUV
317,Shelly Smith,Delhi,2025-04-23,4.2,Mini
318,Kevin Gallagher,Bangalore,2024-08-04,4.9,Mini
319,Sarah Harrison,Pune,2025-08-18,4.3,SUV
320,Michelle Perez,Pune,2024-07-26,3.7,Sedan
321,Keith Mata,Bangalore,2026-01-18,4.1,SUV
322,Dr. Monica Williams DVM,Delhi,2023-10-31,4.5,Sedan
323,Timothy Craig,Bangalore,2023-07-20,4.3,Sedan
324,Brandon Price,Delhi,2026-01-27,4.2,SUV
325,Tamara Harvey,Mumbai,2025-12-13,4.1,Mini
326,Robert Fowler,Pune,2025-04-03,4.8,Mini
327,Kenneth Thomas,Delhi,2025-11-15,4.5,Sedan
328,Peter Ruiz,Hyderabad,2025-04-13,3.7,SUV
329,Mr. Paul Morgan,Hyderabad,2025-12-16,3.7,Sedan
330,Tyler Lee,Delhi,2024-11-21,4.3,Sedan
331,Stephen Cox,Delhi,2024-11-20,3.7,SUV
332,Linda Cooper,Mumbai,2023-09-25,3.7,SUV
333,Toni Barrera,Delhi,2024-01-29,3.9,SUV
334,Susan Bell,Delhi,2025-06-12,3.7,Sedan
335,Rhonda Lopez,Pune,2025-09-04,3.7,Sedan
336,Diana Romero,Bangalore,2024-10-13,5.0,Mini
337,Anthony Smith,Delhi,2025-06-03,4.3,SUV
338,Christopher Green,Pune,2023-08-09,4.7,Mini
339,Brandy Peterson,Delhi,2023-11-07,4.7,Mini
340,Kevin Tucker,Pune,2025-12-30,4.3,Mini
341,Kelly Norris,Bangalore,2024-02-21,4.8,Mini
342,Desiree Mills,Mumbai,2023-03-03,3.6,SUV
343,Kaylee Riley,Pune,2024-11-07,4.5,Mini
344,Mark Freeman,Mumbai,2025-07-11,3.6,Mini
345,Diana Harris,Delhi,2024-10-19,4.4,Sedan
346,Dr. Brian Gillespie,Pune,2025-02-05,4.8,Sedan
347,Laura Hill,Mumbai,2024-06-11,4.7,SUV
348,Dr. Nichole Harris MD,Mumbai,2025-08-17,3.7,Sedan
349,Vanessa Murray,Pune,2025-09-05,3.8,Sedan
350,Timothy Berry,Bangalore,2024-01-08,4.5,Mini
351,Megan Martin,Mumbai,2026-02-27,4.7,Sedan
352,Sue Sharp,Delhi,2024-05-11,4.4,Mini
353,Robert Mcdonald,Delhi,2024-04-30,4.5,Sedan
354,Teresa Booth,Delhi,2024-01-19,3.8,Mini
355,Dustin Walter,Hyderabad,2025-08-21,4.1,Mini
356,Robert Mercer,Mumbai,2023-10-12,4.7,Mini
357,Daniel Werner,Mumbai,2024-02-01,4.9,Sedan
358,Angela Brown,Bangalore,2023-12-31,3.7,Sedan
359,Kimberly Jones,Mumbai,2025-08-12,4.8,Sedan
360,Seth Brown,Bangalore,2025-11-15,4.1,Sedan
361,Margaret Barr,Pune,2023-06-11,3.6,Sedan
362,Christopher Baker,Pune,2025-04-11,4.3,Sedan
363,David Sheppard,Hyderabad,2024-02-18,4.4,Mini
364,Nicole Schneider,Mumbai,2024-11-17,4.2,Sedan
365,Lisa Campbell,Mumbai,2025-09-28,3.7,Sedan
366,Angel Sanchez,Hyderabad,2024-01-31,4.1,Sedan
367,Shelby Patrick,Delhi,2024-04-04,4.4,SUV
368,Jessica Perry,Pune,2025-11-23,3.7,Mini
369,Patricia Klein,Bangalore,2025-05-28,4.3,SUV
370,Timothy Griffith,Pune,2024-10-31,4.7,SUV
371,Stephen Fisher,Pune,2024-07-31,4.4,Sedan
372,Patricia Morales,Delhi,2023-09-23,4.7,SUV
373,Anthony Wade,Delhi,2023-10-08,4.6,SUV
374,Pamela Haynes,Pune,2025-07-05,4.4,SUV
375,Stephen Rodriguez,Delhi,2023-06-24,4.3,Sedan
376,Vanessa Carlson,Pune,2025-12-02,4.3,Sedan
377,Daniel Logan,Bangalore,2025-01-05,5.0,Mini
378,Wanda Morris,Bangalore,2025-03-16,4.3,Mini
379,Michael Castro,Pune,2025-09-01,4.8,SUV
380,Anthony Wilson,Hyderabad,2024-12-05,3.7,SUV
381,Cheyenne Johnson,Bangalore,2025-05-25,3.8,Mini
382,Scott Meyer,Pune,2025-04-27,3.7,Sedan
383,Lisa Holloway,Bangalore,2023-07-07,4.6,Mini
384,Melissa Hernandez,Delhi,2024-08-16,4.4,SUV
385,Matthew Taylor,Pune,2025-03-07,4.2,Mini
386,Joanna Perez,Hyderabad,2023-06-04,4.9,Sedan
387,Lisa Keller,Mumbai,2025-03-07,4.9,Mini
388,Travis Hanson,Delhi,2025-01-10,4.9,Sedan
389,Sarah Huerta,Hyderabad,2025-02-26,4.7,SUV
390,Sara Peterson,Mumbai,2023-09-30,4.5,Sedan
391,Jeffrey Duncan,Hyderabad,2023-03-01,4.0,SUV
392,Kelly Brown,Hyderabad,2024-01-24,4.7,Mini
393,Joshua Scott,Pune,2023-11-21,4.1,Sedan
394,Stephen Weaver,Bangalore,2025-10-14,4.4,SUV
395,David Booth,Delhi,2025-07-08,4.9,Mini
396,Martha Griffin,Pune,2024-12-11,4.3,Sedan
397,Meagan Durham,Bangalore,2025-12-17,4.0,Mini
398,Emily Gill,Mumbai,2023-11-18,4.4,Mini
399,Amber Watson,Bangalore,2023-10-15,3.7,Sedan
400,Melissa Ball,Hyderabad,2025-11-15,4.7,SUV
